"","AAAACTGG","ATGGCCTT","AATTGTAT","TCTTCTTC","GGATGAGT","TGGGATCT","GAAGCTCT","TGACGGGA","GGCAAGTT","AATATCGG","ACCGCTCT","CGCGCTCT","ACCGGTTC","TTAGCTCT","TTCTATTG","CCTTTCCC","Cell.BC","n_tags"
"6C+5A+3D",0,0,0,0,0,0,0,0,0,1,0,0,0,0,0,0,"6C+5A+3D",1
"9G+5A+1B",0,0,0,0,0,0,0,0,0,0,0,0,0,0,0,1,"9G+5A+1B",1
"19O+5C+3F",0,0,0,0,0,0,1,0,0,0,0,0,0,0,0,0,"19O+5C+3F",1
"20B+5E+2B",0,0,0,0,0,1,0,0,0,0,0,0,0,0,0,0,"20B+5E+2B",1
"16L+1A+1A",0,0,0,0,0,1,0,0,0,0,0,0,0,0,0,0,"16L+1A+1A",1
"18H+1H+2B",0,0,0,0,0,0,0,0,0,0,0,0,1,0,0,0,"18H+1H+2B",1
"4N+2A+3A",0,0,0,0,0,0,0,0,1,0,0,0,0,0,0,0,"4N+2A+3A",1
"3E+2D+3C",1,0,0,0,0,0,0,0,0,0,0,0,0,0,0,0,"3E+2D+3C",1
"14O+4C+1H",0,0,0,0,0,0,0,0,0,0,0,0,0,0,1,0,"14O+4C+1H",1
"12L+10A+1B",0,0,0,0,1,0,0,0,0,0,0,0,0,0,0,0,"12L+10A+1B",1
"19A+10A+2B",0,0,0,0,0,0,0,0,0,0,0,1,0,0,0,0,"19A+10A+2B",1
"19A+10A+2E",0,0,0,0,0,0,0,0,0,0,0,1,0,1,0,0,"19A+10A+2E",2
"2I+10A+1A",0,0,0,0,0,0,0,0,0,0,1,0,0,0,0,0,"2I+10A+1A",1
"2I+10A+3C",0,0,0,0,0,0,0,0,0,0,0,1,0,0,0,0,"2I+10A+3C",1
"4I+10B+2E",0,0,1,0,0,0,0,0,0,0,0,0,0,0,0,0,"4I+10B+2E",1
"3M+10C+2D",0,0,0,1,0,0,0,0,0,0,0,0,0,0,0,0,"3M+10C+2D",1
"22A+10H+2D",0,1,0,0,0,0,0,0,0,0,0,0,0,0,0,0,"22A+10H+2D",1
"22M+10H+1F",0,0,0,0,0,0,0,1,0,0,0,0,0,0,0,0,"22M+10H+1F",1
